question_id,answer,n_ctx,t_retrieval_s,t_generation_s,chunking,embedding,retrieval,generation
Q001,"Les EPI obligatoires sont :
1. Casque avec jugulaire
2. Protections auditives (à toujours avoir sur soi)
3. Lunettes de sécurité
4. Gants de sécurité
5. Vêtements de travail rétroréfléchissants
6. Chaussures hautes de sécurité

Le port de protections auditives est obligatoire dès que le niveau sonore dans l'environnement dépasse 80 dB(A). Cela inclut, mais ne se limite pas, aux situations suivantes : travaux de martelage, vibration du béton, démolition, pompage, injection, ainsi qu’à proximité des engins de chantier, des machines ou des outils électroportatifs. [5]",15,0.37612032890319824,488.6322798728943,fixed-256-0,minilm-l6,dense-k5-neigh,local-mistral7b
Q002,"La procédure à suivre avant toute intervention en espace confiné est la suivante :

1. Une procédure spécifique obligatoire définissant un permis d'entrée en espace confiné doit être appliquée [3].
2. Les intervenants en espaces confinés doivent être formés et qualifiés, notamment le surveillant, l'intervenant, le responsable travaux et le SST [2].
3. Privilégier des accès pérennes aux espaces confinés, dans la mesure du possible [2].
4. Effectuer une analyse de risques spécifique sur le milieu dans lequel on intervient, le contrôle d'atmosphère nécessaire, l'environnement de travail, le matériel à utiliser pour réaliser la tâche, le nombre d'opérateurs concernés, les moyens de protection collective et individuelle, les moyens de communication entre l'extérieur et l'intérieur, la consignation des divers réseaux et le Permis de feu éventuel [3].
5. Préparer le matériel nécessaire à l'intervention, selon l'évaluation des risques des travaux à effectuer et au moins : EPI standards et spécifiques (combinaison, gants spécifiques, lunettes masques, etc.), contrôleur d'atmosphère, harnais, trépied pour espace confiné avec un treuil prévu pour les espaces confinés, système de ventilation, moyens de communication, masques autosauveteurs (également appelé masque de fuite) ou cagoule de survie individuel, appareils de protection respiratoire si nécessaire [3].
6. En cas d'urgence ou de secours, disposer de moyens de secours (éclairage de sécurité, cagoule de survie, accès définis, trépied, etc.), d'un SST identifié et formé, et prêt à intervenir en cas de nécessité, et d'une procédure d'urgence opérationnelle (appel des secours extérieurs, etc.) [4].
7. Le nombre maximum de personnes présentes au même instant en espace confiné doit être clairement identifié, selon les conditions du site, en fonction des opérations à réaliser et en fonction des moyens de secours disponibles [4].
8. Le taux d'oxygène dans l'air doit être contrôlé et respecté [4].

Cette information est issue du Référentiel Espaces confinés de Bouygues Travaux Publics [1, 2, 3, 4].",9,0.0531611442565918,49.5718469619751,fixed-256-0,minilm-l6,dense-k5-neigh,local-mistral7b
Q003,"Si l'analyse atmosphérique d'un espace confiné détecte une concentration en O2 inférieure à 19,5%, il est **interdit** d'y pénétrer [9]. Il est **recommandé** de procéder à une ventilation de l'espace confiné pour augmenter la concentration en oxygène avant de reprendre les opérations. Si la situation est critique, il est **obligatoire** de déclencher les procédures d'urgence et de faire appel aux secours extérieurs [8].",9,0.06655764579772949,11.10041093826294,fixed-256-0,minilm-l6,dense-k5-neigh,local-mistral7b
Q004,"Pour travailler à la hauteur sur un chariot-échafaudage, il est obligatoire de porter les équipements de protection individuelle (EPI) suivants :

1. Un harnais de sécurité [11, 5.2]
2. Un cordage de sécurité [11, 5.2]
3. Un casque [11, 5.3]
4. Des chaussures de sécurité [11, 5.3]
5. Des gants [11, 5.3]
6. Des lunettes de protection [11, 5.3]

Il est également recommandé de porter un gilet de survie [11, 5.3].

Les EPI doivent être vérifiés avant et après chaque utilisation [12]. Les employés doivent être formés à l'utilisation de l'équipement de protection et de l'équipement de travail à la hauteur et à réagir en cas d'urgence en cas de chute [12]. Les formations sont renouvelées tous les 3 ans et en cas de modification des règlementations ou des exigences de sécurité [12].

Les équipements de travail à la hauteur et d'accès à la hauteur sont inspectés par une personne compétente selon les protocoles et fréquences suivantes [13] :

- Les équipements de travail à la hauteur : à leur 1er utilisation, une fois par an, en cas de modification, en cas d'adverse conditions météorologiques, en cas de dommage et au moins tous les 3 mois pour vérifier leur état de conservation (6 mois pour les plates-formes suspendues motorisées).
- Les équipements d'accès à la hauteur : à leur 1er utilisation, au moins une fois par an, pour les plate-formes mobiles individuelles, avant chaque allocation à un nouvel utilisateur pour les harnais partagés, et au moins une fois par an pour les équipements de travail à la hauteur partagés.

Les équipements doivent être matérialisés sur l'équipement (scafftag, badge, etc.) et des certificats de conformité doivent être disponibles [13]. Les défauts doivent être enregistrés dans un registre pour les échafaudages fixes [13].",13,0.046782732009887695,46.67033290863037,fixed-256-0,minilm-l6,dense-k5-neigh,local-mistral7b
Q005,"Une différence clé entre un permis de feu et un permis d'intervention en zone ATEX est que le permis de feu est un document qui peut être requis pour certaines opérations de travail par point chaud, notamment dans certains cas spécifiques tels que travaux en tunnel, sur un tunnelier, en espaces confinés ou zones non ventilées, chez des clients privés qui l'imposent dans leurs standards, etc. [3] Il est établi pour garantir la sécurité des opérations et est délivré par une personne compétente.

En revanche, un permis d'intervention en zone ATEX est un document qui autorise une personne à travailler dans une zone ATEX (zone à risque d'explosion). Il est nécessaire pour les travaux dans des zones classées ATEX, où les risques d'explosion sont élevés en raison de la présence de gaz explosifs ou de poussières explosibles. Ce permis est délivré par une autorité compétente et est basé sur une formation spécifique. [16]

Il est important de noter que les conditions de délivrance et les modalités de validation peuvent varier en fonction des réglementations locales et des spécificités des opérations.",15,0.04884481430053711,25.68992590904236,fixed-256-0,minilm-l6,dense-k5-neigh,local-mistral7b
Q006,"Le port de bouchons d'oreilles est imposé au-delà d'un certain niveau sonore pour protéger les ouïes des travailleurs contre les effets nocifs des bruits excessifs. Selon les normes [3], les protecteurs individuels contre le bruit doivent être utilisés lorsque le niveau sonore dépasse 80 dB(A). Les bouchons d'oreilles sont un moyen efficace de réduire le niveau sonore qui entre dans l'oreille et donc de protéger les organes auditifs. Il est important de noter que les bouchons d'oreilles ne doivent pas être partagés entre les travailleurs et doivent être soignés par chacun individuellement [11].",11,0.08722305297851562,14.911612510681152,fixed-256-0,minilm-l6,dense-k5-neigh,local-mistral7b
Q007,"Le congé maternité chez Bouygues Travaux Publics est réglementé par la loi française et les conventions collectives applicables.

Selon la loi française, une femme travailleuse est autorisée à bénéficier d'un congé de 16 semaines de maternité payé à 100% du salaire, suivi d'un congé de 14 semaines de maternité non payé.

Cependant, les conventions collectives peuvent prévoir des dispositions différentes, notamment en matière de durée et de remboursement du congé. Il est donc recommandé de consulter les conventions collectives applicables pour obtenir des informations précises sur le congé maternité chez Bouygues Travaux Publics.

[1] (source: Protocole_Reporting_GroupeBouygues_2024_VFinale_VF.pdf)
[2] (source: Protocole_Reporting_GroupeBouygues_2024_VFinale_VF.pdf)
[3] (source: Protocole_Reporting_GroupeBouygues_2024_VFinale_VF.pdf)
[4] (source: Protocole_Reporting_GroupeBouygues_2024_VFinale_VF.pdf)
[5] (source: Protocole_Reporting_GroupeBouygues_2024_VFinale_VF.pdf)
[6] (source: Protocole_Reporting_GroupeBouygues_2024_VFinale_VF.pdf)
[7] (source: Protocole_Reporting_GroupeBouygues_2024_VFinale_VF.pdf)
[8] (source: Protocole_Reporting_GroupeBouygues_2024_VFinale_VF.pdf)
[9] (source: Protocole_Reporting_GroupeBouygues_2024_VFinale_VF.pdf)
[10] (source: Protocole_Reporting_GroupeBouygues_2024_VFinale_VF.pdf)
[11] (source: Protocole_Reporting_GroupeBouygues_2024_VFinale_VF.pdf)
[12] (source: Protocole_Reporting_GroupeBouygues_2024_VFinale_VF.pdf)
[13] (source: Guide Reporting BYCN Sante Securite 2022 FR 18112022.pdf)
[14] (source: Guide Reporting BYCN Sante Securite 2022 FR 18112022.pdf)
[15] (source: Guide Reporting BYCN Sante Securite 2022 FR 18112022.pdf)",15,0.07039141654968262,59.0171217918396,fixed-256-0,minilm-l6,dense-k5-neigh,local-mistral7b
Q008,La procédure pour ne pas porter de harnais en travail en hauteur n'est pas spécifiée dans les référentiels consultés. Il est recommandé de consulter le service Prévention Santé Sécurité pour obtenir des informations supplémentaires sur les mesures à prendre en cas de travail en hauteur sans harnais. [1 source : BYTP-H&S-REF-2213-vD Referentiel Stabilite.pdf],15,0.06965470314025879,10.270450830459595,fixed-256-0,minilm-l6,dense-k5-neigh,local-mistral7b
Q009,"Une règle vitale (Règle Vitales) chez Bouygues Travaux Publics (BYTP) est une exigence de santé et sécurité qui est considérée comme absolument indispensable pour protéger la vie et la santé des travailleurs. Les Règles Vitales sont plus strictes que les procédures standards et doivent être respectées sans exception.

Exemple d'une Règle Vitales : ""Un escalier comporte au moins une main courante"" [8].

Les procédures standard, quant à elles, sont des directives de santé et sécurité qui doivent être suivies pour réduire les risques et les accidents sur les chantiers. Elles peuvent être modifiées en fonction des conditions locales et des exigences du projet, mais les Règles Vitales doivent toujours être respectées.

[8] (source: BYTP-H&S-INF-2166-vC Standard de securisation d'acces et de travaux en hauteur.pdf)",13,0.07082128524780273,21.163499355316162,fixed-256-0,minilm-l6,dense-k5-neigh,local-mistral7b
Q010,"Pour effectuer des travaux chauds (soudage, meulage) sur un site BYTP, il est nécessaire de respecter les conditions suivantes :

1. Obtenir un permis de travail chaud si nécessaire [3].
2. Vérifier que les matériels utilisés sont conformes et en bon état de fonctionnement (torches, stations de soudage, meuleuses, etc.) [1].
3. Disposer d'un extincteur de feu dans la proximité immédiate de la station de travail [1].
4. Effectuer un contrôle annuel des extincteurs, enregistré et enregistré [1].
5. Implémenter une période de surveillance de 2 heures après les travaux chauds pour vérifier l'absence d'allumage de feu [1].
6. Si les travaux chauds sont effectués dans un tunnel, sur une machine de forage, dans des espaces ou des zones non ventilées naturellement, dans des industries privées qui le prévoient dans leurs normes, ou dans d'autres cas spécifiques, effectuer une analyse de risques de sécurité pour déterminer si il est nécessaire de mettre en place un procédé de permis de travail chaud [6].

Les extincteurs ne doivent pas être utilisés pour éteindre des incendies de gaz [1].",11,0.07006287574768066,26.398930549621582,fixed-256-0,minilm-l6,dense-k5-neigh,local-mistral7b
Q011,"Les EPI spécifiques obligatoires lors de la manipulation d'agents chimiques dangereux sont :

- Lunettes de sécurité
- Gants
- Masque à cartouche
- Combinaison

[6, 5]

Pour les travaux de forage, il est important de respecter les consignes et préconisations des fiches de données de sécurité et de porter des protections individuelles adaptées, notamment bottes, gants, lunettes, masque à cartouche, combinaison.

[6]

En cas de conditions météorologiques défavorables, il est nécessaire de dégager la neige/la glace sur le lieu de travail, de prévoir des vêtements de protection adaptés, d'accéder à des bâtiments/abris correctement chauffés et/ou climatisés, d'accéder à des boissons rafraîchissantes ou chaudes, de modifier les horaires de travail en établissant des intervalles de pauses rapprochés, et d'analyser les possibilités d'éliminer ou de réduire l'activité au minimum possible dans des conditions extrêmes.

[8]

Lors de changements dans les activités de l'entreprise, il est important d'analyser les risques liés à ces changements, d'identifier les actions requises et de communiquer les informations et décisions prises.

[9]

Pour les travaux de recépage, il est impératif de mettre en place les gaines mousse sur les aciers en attente et les tubes soniques, et de mettre en place également les anneaux de levage pour les parties recépées.

[13]",13,0.04161667823791504,34.49330973625183,fixed-256-0,minilm-l6,dense-k5-neigh,local-mistral7b
Q012,"Les étapes obligatoires de consignation d'une installation avant une intervention de maintenance sont les suivantes :

1. Abaisser l'équipement avant toute intervention (sauf cas contraire prévu par le constructeur, ou impossibilité) [5].
2. Mettre une ou plusieurs cales sur la machine, mettre sur ""off"" le coupe batterie, le consigner avec un cadenas et enlever les clés du contact [5].
3. Se renseigner si le conducteur préconise une consignation particulière (manuel de conduite et d’entretien) [5].
4. Apposer son badge de consignation en évidence sur la machine durant l'intervention [5].
5. Faire le tour de la machine afin de déterminer d’autres potentiels risques et problèmes (fuite, échauffement anormal, risque de chute, écrasement) [5].
6. Mettre une étiquette ""Hors service"" en cas d'arrêt de l'intervention, consigner le cas échéant, jusqu’à remise en fonction de l'engin [5].",13,0.038324832916259766,22.6113338470459,fixed-256-0,minilm-l6,dense-k5-neigh,local-mistral7b
Q013,"La consignation doit être réalisée personnellement par chaque intervenant et non par le chef d'équipe seul car chaque intervenant doit être informé et évalué pour garantir sa connaissance et compréhension des dangers présents, des risques encourus et des mesures de prévention [14]. Cela permet de s'assurer que chaque intervenant est conscient de ses propres responsabilités et des mesures de sécurité à prendre pour assurer sa propre sécurité et celle des autres.",15,0.06969881057739258,10.902213096618652,fixed-256-0,minilm-l6,dense-k5-neigh,local-mistral7b
Q014,"Before starting a crane lifting operation on a BYTP site, the following elements must be verified [6]:

1. The Lifting Operation Plan is prepared and completed.
2. The Lifting Equipment Utilization Plan is prepared and approved.
3. The Lifting Permit is approved (applicable only for ""complex"" lifting).
4. The conditions for carrying out the lifting operation are in accordance with the plans and instructions (technical, personnel, and environmental conditions).
5. The authorized and required members of the lifting team are present.
6. The roles and responsibilities are clearly assigned and communicated to each person involved.
7. The means of communication are available and are operational.
8. The preventive measures from the generic and specific risk analyses are in place.
9. The lifting team members are briefed.

The Slinger for ""simple"" lifts and the Lifting Supervisor for ""specific"" and ""complex"" lifts authorize the lifting operation to start only if all the above elements are checked, compliant, and implemented.",13,0.04813742637634277,18.928745985031128,fixed-256-0,minilm-l6,dense-k5-neigh,local-mistral7b
Q015,"La procédure de déclaration et d'escalade d'un accident du travail avec arrêt chez Bouygues Travaux Publics est la suivante :

1. Le salarié déclare l'accident au responsable immédiat de son équipe ou à son supérieur hiérarchique.
2. Le responsable immédiat de l'équipe ou le supérieur hiérarchique déclare l'accident au service de prévention santé-sécurité de l'entreprise.
3. Le service de prévention santé-sécurité ouvre un dossier pour l'accident et enregistre les informations nécessaires.
4. Le service de prévention santé-sécurité informe le responsable de la direction de la sécurité et de la santé de l'entreprise.
5. Le responsable de la direction de la sécurité et de la santé de l'entreprise prend les mesures nécessaires pour assurer la sécurité du salarié et de l'équipe, et pour enquêter sur l'accident.
6. Le service de prévention santé-sécurité informe les autorités compétentes (si nécessaire) et déclare l'accident dans les délais légaux.
7. Le service de prévention santé-sécurité suit la progression de la guérison du salarié et informe les autorités compétentes (si nécessaire) des évolutions de la situation.
8. Le service de prévention santé-sécurité clôt le dossier de l'accident une fois la guérison du salarié confirmée.

Cette procédure est détaillée dans le guide de reporting santé-sécurité de Bouygues Travaux Publics.",15,0.07113122940063477,35.07312202453613,fixed-256-0,minilm-l6,dense-k5-neigh,local-mistral7b
Q016,"En cas d'accident dans un tunnel en cours de creusement, les étapes à suivre sont les suivantes :

1. Alerter les services d'urgence en utilisant les coffrets d'alarme et de téléphone de secours installés tout au long du tunnel [7].
2. En cas d'incendie, fermer les portes des rameaux et utiliser les pare-fumées obligatoires pour empêcher la contamination des zones d'évacuation par des fumées [7].
3. Utiliser les radios/talkie-walkie pour communiquer avec les services de secours et les autres personnes présentes dans le tunnel [4].
4. Evacuer les personnes vers l'entrée principale du tunnel, qui est considérée comme la première issue de secours [6].
5. Si d'autres issues de secours sont disponibles (rameaux, puits, tunnel jumeau...), utiliser ces issues pour évacuer les personnes [6].
6. Si nécessaire, utiliser les refuges de survie situés sur le tunnelier, ou sur le front de taille, ou au niveau du front de taille (entre 250 et 500m en retrait du front, dépendant des activités) [6].
7. Si un rameau est utilisé uniquement comme issue de secours, il doit être équipé d'un éclairage led vert spécifique secouru, d'une antenne de décomptage personnel, de masques autosauveteurs le cas échéant, et de toutes autres dispositions nécessaires ou imposées [7].
8. Si un accident implique un nombre important de personnes, il est recommandé de mettre à jour en temps réel les afficheurs en surface, entrée de zone souterraine, zone en caverne, et/ou TBM pour indiquer le nombre de personnes présentes [3].
9. Enregistrer l'accident dans le protocole de reporting CSRD de Bouygues [8-11].
10. Effectuer une révision du Plan de Secours immédiatement après l'incident ou toute situation d'urgence réellement vécue, ainsi qu'après chaque exercice et à la suite de changements de configuration du chantier, d'équipements et matériel utilisés, d'organisation et de personnels clés [12].",12,0.09475207328796387,45.21892547607422,fixed-256-0,minilm-l6,dense-k5-neigh,local-mistral7b
Q017,"Bouygues TP est tenu d'établir un plan de prévention avec un sous-traitant dans les cas suivants :

* Lorsque le sous-traitant est engagé pour effectuer des activités ou des services spécifiques sur un projet [4].
* Lorsque les travaux du sous-traitant exposent leur personnel à des risques majeurs, des activités ou des dangers mortels [4].
* Lorsque le sous-traitant réalise ses travaux dans leurs propres installations en dehors des limites des chantiers du projet [4].

Il est important de noter que les sous-traitants suivants sont exclus de l'enregistrement dans les outils dédiés aux achats :

* Les sous-traitants de sous-traitants [4].
* Les sous-traitants dont les travaux n'exposent pas leur personnel à des risques majeurs, des activités ou des dangers mortels [4].
* Des sous-traitants réalisant leurs travaux dans leurs propres installations en dehors des limites des chantiers du projet [4].

[4] (source: BYTP-H&S-PRO-2078-vA Gestion des sous-traitants.pdf)",12,0.06794881820678711,23.70928716659546,fixed-256-0,minilm-l6,dense-k5-neigh,local-mistral7b
Q018,"Non, selon les référentiels consultés, il n'existe pas de cas où l'on peut réaliser des travaux par points chauds sans permis de feu sur un chantier BYTP. Les règles de sécurité exigent que les travaux en présence de points chauds soient réalisés uniquement par des personnes habilitées et équipées du permis de feu approprié [6].",15,0.037310123443603516,9.166919708251953,fixed-256-0,minilm-l6,dense-k5-neigh,local-mistral7b
Q019,"Les tests de drogue ou d'alcool peuvent être exigés à un travailleur sur un site BYTP dans les circonstances suivantes :

1. Medical examination (si applicable et autorisée par les règlements locaux) : un test peut être prescrit à tout employé pour lequel l'occupationnel ou l'équivalent estime que c'est nécessaire pour effectuer un test de vérification de la compatibilité avec le travail [3].
2. Induction du projet de sécurité et de santé : chaque nouveau travailleur temporaire est testé le premier jour avant de commencer à travailler et les conducteurs de grue et les opérateurs de machines sont testés le premier jour sur le site avant de commencer à travailler puis tous les trois mois [3].
3. Vérifications aléatoires : un test doit être effectué aléatoirement à tout employé, y compris les sous-traitants, partenaires, fournisseurs de services et travailleurs temporaires. Les conducteurs de grue et les opérateurs de machines sont testés au moins tous les trois mois [3].
4. Après un événement :
   - S'il y a eu un événement grave : un test doit être effectué sur tout individu directement impliqué [7].
   - S'il y a eu un événement Hipo : un test doit être effectué sur tout opérateur de machine et/ou opérateur de grue impliqué [7].
   - Dans d'autres types d'événements : à la discrétion de la direction du projet [7].
5. Suspicion : un test peut être effectué à tout employé dont le comportement suggère qu'il est intoxiqué ou sous l'influence de drogue, y compris les sous-traitants, partenaires, fournisseurs de services et travailleurs temporaires. La suspicion s'applique également à tout employé dont le test a été positif lors des autres méthodes de contrôle (induction, vérifications aléatoires) [7].",11,0.0362086296081543,38.767239570617676,fixed-256-0,minilm-l6,dense-k5-neigh,local-mistral7b
Q020,"Le référentiel REF-2211 sur la prévention des chutes de hauteur et l'informatif INF-2166 sur la sécurisation des accès en hauteur sont deux documents différents qui traitent de sujets liés mais distincts.

Le référentiel REF-2211 est un document de prévention des chutes de hauteur qui fournit des informations sur les règles vitales, les moyens de prévention et de protection, les rôles et responsabilités, l'élimination du risque de chute, la mise au rebut/réparation des équipements, la préparation des travaux en hauteur, etc. Il s'agit d'un document général qui traite de la prévention des chutes de hauteur dans un contexte plus large.

L'informatif INF-2166, quant à lui, est un document sur la sécurisation des accès et des travaux en hauteur. Il fournit des spécifications pour la sécurisation des accès et l'utilisation des équipements de travail en hauteur. Il sert de guide pratique pour définir les moyens à prévoir et à déployer pour assurer une protection efficace des risques de chute. Il peut servir de support pour le briefing des différents acteurs impliqués dans une opération de travail en hauteur. Il est important de noter que l'informatif INF-2166 ne remplace en aucun cas l'applicabilité du document de référence Prévention chutes de hauteur (BYTP-H&S-REF-2221).",13,0.07903385162353516,31.366309642791748,fixed-256-0,minilm-l6,dense-k5-neigh,local-mistral7b
Q021,"Le référentiel BYTP établit une distinction entre les barrières de défense et les règles vitales en ce qui concerne leur nature et leur rôle dans la maîtrise des risques.

Les barrières de défense sont des mesures techniques, organisationnelles, managériales, humaines et comportementales qui permettent de maîtriser les risques majeurs sur les chantiers de Bouygues Travaux Publics. Elles sont complémentaires et souvent liées, et les protections apportées par chacune de ces barrières sont la clé pour atteindre l'objectif de zéro accident grave et mortel [2].

Les règles vitales, quant à elles, sont des mesures qui constituent l'ultime barrière pour éviter un accident grave. Elles sont applicables lors de situations spécifiques de risque (levage, interactions engins-piétons, travaux en hauteur, stabilité, équipements de production, énergies dangereuses) et doivent être respectées pour éviter tout accident grave. En cas d'impossibilité de respecter ces règles, il est nécessaire d'exercer le ""STOP"" et d'alerter la hiérarchie [12, 13].",13,0.04246234893798828,24.810473680496216,fixed-256-0,minilm-l6,dense-k5-neigh,local-mistral7b
Q022,"Les EPI (équipements de protection individuelle) sont considérés comme le dernier recours dans la hiérarchie des protections car ils ne peuvent pas remplacer les mesures de prévention plus efficaces telles que l'élimination, la substitution, la réduction et la séparation des risques. Il est préférable de privilégier ces mesures avant d'utiliser des EPI car elles sont plus efficaces pour protéger les travailleurs et réduire les risques.

Les mesures de prévention plus efficaces sont :

1. Élimination : suppression du risque au niveau source.
2. Substitution : remplacement du produit ou du processus source de risque par un autre moins dangereux.
3. Réduction : diminution du risque au niveau source.
4. Séparation : séparation du travailleur du risque.

Les EPI sont utilisés lorsque les mesures de prévention plus efficaces ne sont pas possibles ou ne sont pas suffisantes pour protéger les travailleurs. Il est donc important de privilégier les mesures de prévention plus efficaces avant d'utiliser des EPI.",14,0.034920692443847656,23.69167947769165,fixed-256-0,minilm-l6,dense-k5-neigh,local-mistral7b
Q023,"Les indicateurs H&S obligatoirement remontés dans le reporting mensuel P2S d'un projet sont les suivants :

* Heures travaillées réelles et théoriques des personnels A1 BY, A2 BY et B BY [4.2, 5.2]
* Evénements d'accidents du travail ou de maladie professionnelle (en utilisant les documents administratifs liés aux accidents du travail ou maladie professionnelle) [4.2, 8]
* Rapport mensuel BYTP [5.3]

Les données requises sont disponibles dans le PBI CORITY REPORT [2, 3].

Les contributeurs sont désignés par le directeur P2S de chaque périmètre de management, et de toute entité produisant un Reporting, sont généralement soit un membre de la filière P2S (préventeur, ...), ou bien par défaut, soit un membre de la Direction des Ressources Humaines, soit un membre de la filière CFI [7].

Les acteurs de la filière (Responsable P2S, Préventeur, Chargé de DAT, ...) saisissent et consolident les événements [8].

La Direction P2S de chaque entité collecte et consolide les données fournies à tous les niveaux de l'organisation. Elle valide la cohérence des différents éléments par comparaison avec toute autres source d'informations [7].

Le responsable de périmètres opérationnels dans les entités (Projet, JV, Chantier, Agence, Centre, Direction régionale, …) s’assure que le Reporting des événements (Accidents du Travail (AT), Maladies Professionnelles (MP), …) est effectué et que les ressources nécessaires humaines, matérielles, organisationnelles sont allouées pour permettre la remontée des données du Reporting [4.3].

Il est responsable des éléments remontés et valide ceux-ci avant transmission dans le cadre du Reporting de son périmètre [4.3].",14,0.07190084457397461,41.913737058639526,fixed-256-0,minilm-l6,dense-k5-neigh,local-mistral7b
Q024,"Lorsqu'un sous-traitant commet une infraction grave aux règles H&S sur chantier, la procédure à suivre est la suivante :

1. Identification de l'incident : Le responsable de la sécurité sur le chantier doit immédiatement identifier l'incident et notifier la direction de la sécurité de Bouygues Travaux Publics (Département de la Santé et de la Sécurité de BYTP) [1].

2. Enquête préliminaire : La Direction de la Santé et de la Sécurité de BYTP mène une enquête préliminaire pour déterminer les circonstances de l'incident et identifier les mesures correctives nécessaires [1].

3. Classification de l'incident : La Direction de la Santé et de la Sécurité de BYTP détermine la classification de l'incident en fonction de sa gravité et de son impact [11].

4. Investigation : En fonction de la gravité de l'incident, une investigation approfondie peut être menée par la Direction Prévention Santé Sécurité (P2S) ou la direction opérationnelle [11].

5. Rapport final : Un rapport final est rédigé et validé par les responsables concernés [11].

6. Mise en œuvre du plan d'actions : Les mesures correctives nécessaires sont mises en œuvre selon les échéances prévues [11].

7. Débriefing : Des réunions de débriefing sont organisées pour tout événement grave (y compris mortel) et pour tout HiPo significatif [11].

8. Notification : Les réunions de débriefing et les résultats de l'enquête sont communiqués aux parties concernées [11].

9. Suivi : Le suivi de l'application des mesures correctives est assuré par la Direction de la Santé et de la Sécurité de BYTP [1].

Les sous-traitants qui ne respectent pas les règles H&S peuvent être exclus de la procédure [2].",15,0.0397486686706543,41.24262738227844,fixed-256-0,minilm-l6,dense-k5-neigh,local-mistral7b
Q025,"La distance minimale à laquelle un piéton doit se tenir des engins de chantier en mouvement n'est pas spécifiée dans les référentiels consultés. Il est recommandé de respecter les distances de sécurité spécifiques aux engins en fonction de leur type et de leur utilisation, mais aucune distance minimale n'est donnée. Il est important de suivre les instructions données par les personnes compétentes sur le chantier et de respecter les dispositions du plan de circulation. [1] [2] [3] [4] [5] [6] [7] [8] [9] [10] [11] [12] [13] [14] [15]",15,0.06580328941345215,14.916224956512451,fixed-256-0,minilm-l6,dense-k5-neigh,local-mistral7b
Q026,"1. The employee who tested positive for drugs cannot enter the site by his/her own means [1].
2. The employee can be left under permanent surveillance within the life base while waiting for his/her safe departure [1].
3. It is possible to have the employee taken care of by a third party (family, friends, emergency services, etc.) [1].
4. It is possible to have the employee escorted back to his/her place of accommodation by a secure means mandated by the project (taxi) [1].
5. The employee's subsequent return to work will be decided by the Operational Department in consultation with the HR teams [1].
6. For a temporary worker, partner, or subcontractor, the terms for taking charge of and escorting them are identical but must be provided by the company to which they belong [2].
7. Any subsequent return of the employee to the site requires the employee's own company to demonstrate that measures equivalent to those required for the return of a Bouygues employee have been taken [2].
8. In all cases, the care, escorting, or departure by their own means of any staff (BYTP, temporary worker, partner, subcontractor) is formalized and recorded on the Certificate of Care (BYTP-H&S-FOR-2086) [1].
9. Any staff who test positive may contest the results of the test and request a second opinion by a doctor or a medical laboratory. This second opinion will be organized and paid for by the appropriate entity (BYTP for its staff, temporary employment agencies, partners, service providers, and subcontractors for their respective staff) [4].
10. The recordings associated with the addiction tests are kept on site by the Health and Safety department for the duration of the project and in compliance with the rules of the GDPR. This archiving is kept for the duration of the project only and must not be distributed to unauthorized persons and must be destroyed once the construction site is completed [3].
11. The project's H&S Manager transmits to the H&S Department of BYTP the monthly results of the addiction tests (quantitatively, not nominative) through the reporting tool set up by the H&S Department [9].

Regarding resuming work after a serious near-miss on a BYTP site, the information is not provided in the given sources. Therefore, the answer is: ""Cette information ne figure pas dans les référentiels consultés.""",14,0.07103800773620605,43.35628700256348,fixed-256-0,minilm-l6,dense-k5-neigh,local-mistral7b
Q027,"La durée de prescription d'un harnais antichute n'est pas spécifiée dans les référentiels consultés.

Pour un harnais antichute dont la date est dépassée, il est recommandé de le remplacer par un harnais neuf et conforme aux normes. [1]",15,0.0386960506439209,7.395916223526001,fixed-256-0,minilm-l6,dense-k5-neigh,local-mistral7b
Q028,"Le congé paternité n'est pas explicitement mentionné dans les référentiels consultés. Cependant, il est possible que ce sujet soit abordé dans d'autres documents internes ou politiques de Bouygues Travaux Publics. Il est recommandé de consulter les documents de politique sociale ou de ressources humaines de l'entreprise pour obtenir plus d'informations sur le congé paternité.",15,0.06851434707641602,9.522797346115112,fixed-256-0,minilm-l6,dense-k5-neigh,local-mistral7b
Q029,"Pour court-circuiter un dispositif de verrouillage de sécurité si on a perdu la clé de consignation, il est nécessaire de suivre les étapes suivantes :

1. Vérifier les dispositions du Référentiel Consignation [BYTP-REF-H&S-2231-vA] pour déterminer si la procédure de mise en sécurité est spécifiée pour le dispositif en question.
2. Si la procédure de mise en sécurité est spécifiée, elle doit être adoptée pour assurer la protection des personnes et des équipements contre les conséquences de tout maintien accidentel ou de toute apparition ou réapparition intempestive d'énergie sur ces équipements.
3. Si la procédure de mise en sécurité ne spécifie pas de méthode pour court-circuiter le dispositif de verrouillage de sécurité, il est recommandé de consulter le Référentiel Engins de chantier et maintenances associées [BYTP-REF-## H&S-2215] pour déterminer si une méthode spécifique est définie pour le dispositif en question.
4. Si aucune méthode spécifique n'est définie, il est recommandé de consulter les normes NF C18-510 et NF EN ISO 12100 pour déterminer si une méthode générale pour court-circuiter un dispositif de verrouillage de sécurité est définie.
5. Si aucune méthode générale n'est définie, il est recommandé de consulter un expert en sécurité pour déterminer une méthode de court-circuitation sécuritaire pour le dispositif en question.
6. Si une méthode de court-circuitation est déterminée, il est important de vérifier que les mesures de sécurité appropriées sont prises pour protéger les personnes et les équipements pendant la procédure de court-circuitation.

Cette information ne figure pas dans les référentiels consultés.",14,0.07338476181030273,42.360788106918335,fixed-256-0,minilm-l6,dense-k5-neigh,local-mistral7b
Q030,"Dans le système de reporting BYTP, il n'existe pas de concept de ""presqu'accident"". Le terme utilisé est ""événement non lié aux Risques Majeurs"" [7].

En revanche, un accident à haut potentiel (HiPo) est un événement qui peut conduire de façon quasi certaine à un accident mortel ou à de multiples blessés graves, ou est de nature à générer un retentissement médiatique immédiat [7]. Les HiPo sont classés en gravité ""Non applicable"" tout autre événement [7].",15,0.042919158935546875,12.238243579864502,fixed-256-0,minilm-l6,dense-k5-neigh,local-mistral7b
Q031,"L'objectif affiché par la politique santé-sécurité de BYTP est d'obtenir le zéro accident grave et mortel et d'instaurer au sein de l'entreprise une culture sécurité partagée par tous. La direction s'engage à établir des objectifs mesurables et des cibles pour assurer l'amélioration continue du HSMS (Health, Safety and Management System). Cette politique est mise à jour régulièrement et communiquée aux salariés, affichée et accessible sur le site intranet de BYTP. Elle est également mise à disposition de toutes les parties intéressées sur demande. [6.2, 9]",13,0.0681309700012207,13.884061574935913,fixed-256-0,minilm-l6,dense-k5-neigh,local-mistral7b
Q032,"Avant d'autoriser un sous-traitant à intervenir pour la première fois sur un chantier BYTP, les documents et vérifications suivantes sont nécessaires :

1. Accueil sécurité [1]
2. Formation au poste de travail [1]
   - Mode opératoire du poste de travail
   - Machines et produits utilisés pour ce poste
   - Dangers et risques liés aux postes de travail
   - Moyens de prévention mis en œuvre
   - Protections collectives et individuelles spécifiques à utiliser pour ce poste
3. Autorisation [1]
   - Certains postes de travail ou activités font l'objet d'une autorisation délivrée par la direction de chantier, sur la base d'habilitation ou d'une formation spécifique à la sécurité, pour le personnel concerné.
4. Identification de l'autorisation [1]
   - Le personnel autorisé est identifié de manière visible (sticker, chasubles, badges, etc.)
5. Vérification des documents de conformité (CE le cas échéant) [9]
6. Vérification Générale Périodique (VGP) [9]
7. Manuel d'utilisation dans la langue du pays d'utilisation [9]
8. Examen d'aptitude médicale à la conduite réalisé par le médecin du travail [10]
9. Formation à l'engin concerné par une personne réputée compétente [10]
10. Formation spécifique (sur site) liée à l'utilisation de l'engin sur le site en question [10]
11. Vérification semestrielle pour les engins effectuant du levage avec une pelle hydraulique [8]
12. Convention de mise à disposition pour le prêt ou emprunt à une entreprise extérieure d'un engin [9]",14,0.0386509895324707,38.201903104782104,fixed-256-0,minilm-l6,dense-k5-neigh,local-mistral7b
Q033,"Les précautions spécifiques pour les travaux dans une zone à risque radioactif sur un chantier de travaux publics ne figurent pas dans les référentiels consultés. Cependant, dans le contexte général des travaux publics, il est recommandé de respecter les normes et les règles de protection radiologique définies par les autorités compétentes, telles que l'Autorité de sûreté nucléaire (ASN) en France. Il est important de disposer d'un plan de protection radiologique adapté, d'équipements de protection individuelle appropriés (EPI) et de suivre les procédures de gestion des déchets radioactifs. Il est également important de former les travailleurs à la manipulation de matériaux radioactifs et de les informer des risques associés.",14,0.059162139892578125,16.94439172744751,fixed-256-0,minilm-l6,dense-k5-neigh,local-mistral7b
Q034,"Les outillages électroportatifs doivent être vérifiés avant chaque utilisation par l'utilisateur. Cette vérification est nécessaire pour s'assurer que l'outillage est en parfait état d'utilisation et que les éléments de sécurité sont présents (carter, poignée, etc.). Cette vérification est un moyen de prévenir les accidents liés à l'utilisation d'outillages défectueux.",10,0.03801870346069336,9.362415552139282,fixed-256-0,minilm-l6,dense-k5-neigh,local-mistral7b
Q035,"Les risques spécifiques des travaux de construction fluviales et maritimes qui ne sont pas présents sur les sites terrestres principaux sont :

1. Risques liés à l'eau : inondations, submersion, courant, vagues, marées, etc. [1]
2. Risques liés aux navires, bateaux et autres équipements flottants : chutes, accidents de navigation, manœuvres dangereuses, etc. [1, 5, 6]
3. Risques liés aux structures temporaires : instabilité, effondrement, chute de matériel, etc. [1, 3]
4. Risques liés aux travaux sous l'eau : hypoxie, hypothermie, hydrocution, etc. [1, 9]
5. Risques liés aux matériaux et équipements : vibrations, corrosion, usure, etc. [1, 7]
6. Risques liés aux zones maritimes : navigation, signalisation, limites de zones maritimes et fluviales, etc. [1, 6, 9]
7. Risques liés aux coffrages : instabilité, effondrement, chute de matériel, etc. [1, 7]
8. Risques liés aux travaux sous terre : pollution, présence de gaz toxiques, présence de matériaux contaminés, etc. [12]
9. Risques liés aux permis de creuser : présence de fondations proches de l'excavation ou de structures adjacentes, présence de matériaux instables, présence de conduites d'utilités, etc. [12]",12,0.03877663612365723,31.9223849773407,fixed-256-0,minilm-l6,dense-k5-neigh,local-mistral7b
Q036,"L'opérateur doit exercer son droit de retrait en cas de situation de danger grave et imminent. Il doit ""STOP"" et alerter sa hiérarchie [13].

Pour signaler une situation de danger, il peut suivre les instructions de communication opérationnelle définies au préalable entre le personnel exposé et l'opérateur qui conduit l'engin. Seule la personne responsable désignée fournit les instructions à l'opérateur de l'engin. Cependant, l'opérateur obéit à tout moment à un signal d'arrêt, quelle que soit la personne qui le donne [3].

Il est également recommandé de signaler tout équipement défectueux aux employés utilisant des équipements de production motorisés [6].",15,0.06910991668701172,16.440244436264038,fixed-256-0,minilm-l6,dense-k5-neigh,local-mistral7b
Q037,"La liste des exclusions par risque majeur (INF-2113) et les règles vitales du référentiel REF-2200 sont deux documents différents qui servent à la gestion de la santé et de la sécurité sur les chantiers de Bouygues Travaux Publics.

La liste des exclusions par risque majeur (INF-2113) est une liste exhaustive des exceptions pour chaque risque majeur, qui détaille les situations où un événement lié à un risque majeur n'est pas considéré comme un événement à haut potentiel (HiPo).

Les règles vitales du référentiel REF-2200 sont des normes minimales de santé et de sécurité qui doivent être respectées sur tous les chantiers de Bouygues Travaux Publics. Elles concernent des aspects tels que la protection individuelle, la formation, la gestion des sous-traitants, etc.

En résumé, la liste des exclusions par risque majeur (INF-2113) est un document qui détaille les exceptions pour les événements liés aux risques majeurs, tandis que les règles vitales du référentiel REF-2200 sont des normes minimales de santé et de sécurité à respecter sur tous les chantiers.",14,0.07047867774963379,27.39961528778076,fixed-256-0,minilm-l6,dense-k5-neigh,local-mistral7b
Q038,"Pour un chargement à forme inhabituelle ou à centre de gravité décalé, les exigences suivantes s'appliquent :

1. Il est préférable de l'élinguer au-dessus du centre de gravité pour assurer la stabilité du chargement. Une attention particulière doit être portée à ce sujet pour les charges à distribution de charge inégale [2].
2. Il est recommandé de choisir une méthode de slinging appropriée en fonction de la forme et de la distribution de la charge. La méthode de slinging doit être analysée par le superviseur de levage et/ou les ingénieurs méthodes [15].
3. Si la charge n'est pas équipée de points d'attache, le slinger doit utiliser les accessoires et la méthode de slinging les plus appropriés (basket hitch ou choker hitch...) en appliquant le facteur de mode de slinging au WLL des accessoires utilisés [11].
4. Avant de slinger, le slinger doit connaître les moyens et les procédures à employer pour retirer les accessoires de slinging de manière sûre [11].
5. Il est recommandé de slinger au-dessus des points d'attache les plus proches du centre de gravité pour assurer la stabilité du chargement [15].
6. Il est recommandé de vérifier la distribution de charge et la stabilité du chargement avant de le lever [12].
7. Il est recommandé d'utiliser des accessoires de protection pour protéger les slings contre les bords aigus du chargement [12].
8. Il est recommandé de vérifier que la charge est bien attachée et que les accessoires de slinging sont bien serrés avant de lever le chargement [11].",15,0.03634142875671387,36.481499433517456,fixed-256-0,minilm-l6,dense-k5-neigh,local-mistral7b
Q039,"Les risques spécifiques aux travaux de terrassement comprennent :

1. Risque d'effondrement des matériaux autour du périmètre de l'excavation [1]
2. Risque de brûlures chimiques en présence de chaux vive [5]
3. Risque d'électrocution en présence de lignes électriques [4.1]
4. Risque de rupture de réseaux enterrés [4.2]

Les mesures préventives suivantes s'appliquent :

1. Évaluer le risque potentiel d'effondrement des matériaux autour du périmètre de l'excavation [1]
2. Adopter des mesures de protection appropriées en présence de chaux vive, telles que l'utilisation d'un FDS sur site, des matériels adaptés, une organisation de l'atelier de traitement de sols, des postes de chargement et de stockage de la chaux, des EPI adaptés, des mesures d'hygiène strictes et des mesures en cas d'exposition [5]
3. Appliquer toute réglementation locale en présence de lignes électriques [4.1]
4. Repérer les localisations des réseaux enterrés avant le démarrage des travaux, prendre en compte leurs localisations lors du choix d'emplacement des moyens de levage, lors de la réalisation de travaux de terrassement et de tranchées, connaitre les conduites à tenir en cas d'urgence liées aux réseaux et être guidé en cas de terrassements mécaniques à moins de 1.50m d'un réseau [4.2]",15,0.036862850189208984,35.2801194190979,fixed-256-0,minilm-l6,dense-k5-neigh,local-mistral7b
Q040,"Upon discovering a suspected unexploded ordnance (UXO) on a BYTP construction site, the immediate procedure is as follows:

1. Stop the work immediately (""SLAMMED""): The work should be stopped to avoid putting people at risk with hand tools.
2. Evacuate the area: The area should be evacuated to ensure the safety of all personnel.
3. Assess the situation: The situation should be assessed to determine the nature and extent of the UXO.
4. Escalate the situation: The local site supervision and management should be informed about the situation.
5. Contact the authorities: The police should be alerted and they should contact Armed Forces specialists to handle the situation.
6. Follow the ALIGN Unidentified Finds Procedure: The procedure for dealing with unidentified finds, as described in 1MC05-ALJ-HS-PRO-C001-000015, should be followed.

This procedure is based on information from the sources [2] and [4]. It is important to note that this procedure is for UXO, and different procedures may apply for other hazards or incidents.",12,0.03758883476257324,21.04622793197632,fixed-256-0,minilm-l6,dense-k5-neigh,local-mistral7b
Q041,"Pourquoi il est nécessaire de ventiler un espace confiné avant et pendant les travaux, même si ceux-ci ne génèrent pas de fumées ou de vapeurs, c'est pour plusieurs raisons :

1. Élimination de l'air contaminé : Les espaces confinés peuvent contenir des gaz toxiques ou dangereux, tels que le monoxyde de carbone (CO), le dioxyde de carbone (CO2), le méthane (CH4), le soufre (H2S), etc. La ventilation permet de renouveler l'air et d'éliminer ces gaz.

2. Maintien d'une teneur en oxygène adéquate : La ventilation permet de maintenir une teneur en oxygène suffisante dans l'espace confiné, ce qui est important pour la santé des personnes qui y travaillent.

3. Élimination de la chaleur : Les travaux peuvent générer de la chaleur, ce qui peut entraîner une augmentation de la température dans l'espace confiné. La ventilation permet de dissipater cette chaleur et de maintenir une température acceptable.

4. Prévention des risques d'incendie : La ventilation peut aider à éliminer les fumées d'un incendie et à prévenir sa propagation.

5. Prévention des risques d'accumulation de poussière : La ventilation peut aider à éliminer la poussière qui peut s'accumuler dans les espaces confinés, ce qui peut entraîner des risques de respiratoire pour les personnes qui y travaillent.

6. Prévention des risques de bloquage : La ventilation peut aider à éviter que l'espace confiné ne soit bloqué par des matériaux ou des objets, ce qui peut entraîner des risques de noyade ou de suffocation.

En résumé, la ventilation est importante pour maintenir une atmosphère sûre et saine dans les espaces confinés, même si les travaux ne génèrent pas de fumées ou de vapeurs.",12,0.035468339920043945,42.304532051086426,fixed-256-0,minilm-l6,dense-k5-neigh,local-mistral7b
Q042,"Les EPI obligatoires pour les travaux de coulage et finition de béton sont détaillés dans le Référentiel Activités de béton [3]. Voici une liste non exhaustive :

1. Gardes-corps intégrés [3, 4] :
   - Moyens de préhension/levage adaptés, soit intégrés au coffrage, soit à disposition de l'utilisateur.
   - Contreventement : Respect des prescriptions Méthodes/ Constructeur.
   - Conditionnement : s'assurer que le décolisage ne modifie pas la stabilité du colis et de son contenu.

2. Coffrages spécifiques [3, 4] :
   - Coffrages VIROC® : commandés à la bonne dimension (prédécoupés en usine) et le ""repos"" des plaques VIROC® entre poutres est validé par les Méthodes.
   - Autres exemples de coffrages perdus : coffrages cartons pour poteaux, coffrages Pécafil.

3. Coffrages bois ""traditionnels"" [5] :
   - La conception du coffrage ""tradi"" prévoit la structure intrinsèque du coffrage et sa stabilité à toutes les phases de montage/utilisation/démontage, les protections collectives conformes, les accès au poste de travail, le levage du coffrage avec les apparaux de levage adaptés et conformes, le bétonnage, le décoffrage (clé de décoffrage, etc.).
   - Les protections collectives mises en place sur support bois sont obligatoirement dimensionnées par le Service Méthodes.
   - Si les coffrages sont manutentionnés à la grue, il est obligatoire qu'ils soient équipés de points de levage (clairement identifiés et dimensionnés).

4. Les EPI doivent également respecter les spécifications du ""Guide EPI Spécifications"" [1] comme critères de base pour la sélection des EPIs.",14,0.06905651092529297,40.88709497451782,fixed-256-0,minilm-l6,dense-k5-neigh,local-mistral7b
Q043,"Les équipements sous pression sur chantier doivent faire l'objet d'un contrôle réglementaire par un organisme accrédité si ces équipements sont soumis à des règles spécifiques en matière de santé et sécurité, comme les équipements de manutention, les réseaux de gaz, les réseaux d'eau potable, etc. [2]

Cependant, il n'est pas spécifié dans les référentiels consultés si ces contrôles doivent être effectués régulièrement ou uniquement à certaines occasions. Il est recommandé de consulter les règles et les normes applicables à chaque équipement pour déterminer les modalités de contrôle réglementaire.",15,0.03549480438232422,15.64328670501709,fixed-256-0,minilm-l6,dense-k5-neigh,local-mistral7b
Q044,"La procédure de gestion des situations d'urgence sur chantier de Bouygues Travaux Publics est décrite dans le référentiel BYTP-H&S-REF-2221-vB Referentiel Gestion des situations d'urgence.

La cellule de crise est composée de plusieurs acteurs :

1. Délégataire de pouvoir : garantit la mise en œuvre de la procédure sur son projet, mobilise les ressources nécessaires, s'assure que le personnel est convenablement sélectionné et formé aux procédures d'urgence et d'intervention, évalue la gravité de l'urgence, désigne le Correspondant d'Incident Principal (CIP) ou peut agir en tant que tel, et désigne le Correspondant d'Incident Local (CIL).

2. Correspondant d'Incident Principal (CIP) : coordonne les interventions d'urgence de niveau 2 et 3, est responsable de la gestion des situations de Crise, active la Cellule de Gestion des Urgences (CGU), doit être en mesure de se présenter au plus vite sur site et, en tout état de cause, en moins d’une heure, assure l'interface entre le site/projet et le commandement des services extérieurs d'intervention, dispose de l'ensemble des éléments concernant les travaux en cours, est en capacité de prendre toutes mesures nécessaires au bon déroulement des opérations de secours, notifie son entité opérationnelle et la tient régulièrement informée de l'évolution de la situation, assure une communication efficace vis-à-vis des autorités, des médias et du public.

3. Correspondant d'Incident Local (CIL) : désigné par le Délégataire de pouvoir /Responsable de projet, est un membre formé de l'encadrement travaux, ayant les connaissances matérielles et techniques nécessaires à la gestion d'urgence en fonction de son niveau.

Dans le cadre de sites hors production (agence, bureaux, laboratoires), l'attribution nominative des rôles est précisée dans le Plan d'urgence du site.",15,0.03638339042663574,44.819942474365234,fixed-256-0,minilm-l6,dense-k5-neigh,local-mistral7b
Q045,"La différence entre les dispositifs de consignation décrits dans l'INF-2031 et la procédure de consignation du REF-2231 est la suivante :

1. Les dispositifs de consignation décrits dans l'INF-2031 (Dispositifs et matériels de consignation) sont des éléments matériels tels que les cadenas, les mâchoires, les câbles de consignation, etc., qui sont utilisés pour verrouiller et étiqueter des équipements pour les empêcher d'être utilisés pendant la consignation.
2. La procédure de consignation du REF-2231 est un ensemble de modalités détaillées pour la consignation et la déconsignation d'équipements, y compris les étapes à suivre, les documents à utiliser, les bonnes pratiques à respecter, etc. Elle est décrite dans les documents suivants : Logigramme de consignation [BYTP-INF-H&S-2148], Schéma principe consignation longue durée [BYTP-INF-H&S-2149], Demande – Attestation de consignation – Déconsignation [BYTP-FOR-H&S-2150], Consignations - Bonnes pratiques [BYTP-INF-H&S-2151], et les modalités de consignation sont détaillées dans les documents Logigramme de consignation [BYTP-INF-H&S-2148] et Schéma principe consignation longue durée [BYTP-INF-H&S-2149].

En résumé, les dispositifs de consignation décrits dans l'INF-2031 sont des éléments matériels utilisés pour la consignation, tandis que la procédure de consignation du REF-2231 est un ensemble de modalités détaillées pour la consignation et la déconsignation d'équipements.",12,0.06615424156188965,39.726775884628296,fixed-256-0,minilm-l6,dense-k5-neigh,local-mistral7b
Q046,"La notion de ""ligne de feu"" (line of fire) est centrale dans la prévention des accidents sur chantier car elle représente la zone où les travailleurs sont exposés à des risques d'accidents liés aux activités en cours. Cette zone est définie par les sources comme étant la zone où les travailleurs peuvent être touchés par des objets en mouvement, des projections, des éclats, des débris, des gaz, des vapeurs, des particules ou des rayonnements dangereux.

En évitant de travailler dans la ligne de feu, on réduit les risques d'accidents pour les travailleurs en les éloignant des sources de danger. Il est donc important de définir et de respecter la ligne de feu pour chaque activité en cours sur le chantier, et de veiller à ce que les travailleurs soient informés de sa position.

[11] (source: BYTP-H&S-REF-2230-vA Referentiel Activites de beton.pdf)
[12] (source: BYTP-H&S-REF-2230-vA Referentiel Activites de beton.pdf)
[13] (source: BYTP-H&S-REF-2230-vA Referentiel Activites de beton.pdf)",13,0.058771371841430664,26.152493238449097,fixed-256-0,minilm-l6,dense-k5-neigh,local-mistral7b
Q047,"Les exigences de signalisation à mettre en place lorsque les travaux interfèrent avec une voie de circulation publique sont les suivantes :

1. Le Plan de Circulation vient en complément du Plan d'Installation de Chantier, il détaille l'organisation globale du chantier et est évolutif. Il précise les sens de circulation, les zones de parkings engins et véhicules, les cheminements piétons, les aires de retournement éventuelles, etc. Il est présenté lors de l'accueil/induction des collaborateurs. Pour toutes interventions en dehors des voiries du chantier, ou le long de voies publiques, respect du protocole de balisage défini par les réglementations locales [13].

2. Les voies de circulation sont à sens unique lorsque c’est possible, le cas échéant mise en place de zones de retournement, équipement spécifique des engins, ou homme trafic [13].

3. Les services d'un homme trafic sont obligatoirement requis pour :
   - Des manœuvres en marche arrière lorsque l'engin n'est pas équipé d'un système de caméra/détection [14].
   - Des espaces où la vue est limitée et contrainte pour le chauffeur [14].
   - Les cas où la séparation physique engin-piéton est impossible [14].
   - Un besoin spécifique défini par une analyse de risques, pour la bonne gestion des flux engins-piétons [14].

4. Les signalisations (panneaux, marquages au sol), ainsi que les systèmes de protection physique (BT4,...) sont adaptés aux types de voies, à la visibilité, à l'importance du trafic et sont mis en place par des entreprises spécialisées (sauf cas particuliers) [6].

5. En cas d'utilisation ou d'emprise sur un espace public, l'arrêté de circulation (document délivré par le gestionnaire de la voie) est affiché et indique les règles de circulation et de stationnement au droit du chantier [6].",14,0.0689079761505127,43.566590547561646,fixed-256-0,minilm-l6,dense-k5-neigh,local-mistral7b
Q048,"Les mesures préventives spécifiques pour les risques de troubles musculo-squelettiques (TMS) et d'ergonomie sur les chantiers TP sont les suivantes :

1. Définition d'un pôle de compétences ergonomie intégré à la Direction prévention [12].
2. Formation au service méthodes pour intégrer les principes ergonomiques aux modes opératoires [12].
3. Prise en compte des critères d'usure professionnelle et de pénibilité pour la réalisation de matériels spécifiques, de modes opératoires ou constructifs dès la phase de conception [12].
4. Évaluation, amélioration et optimisation des situations et organisations de travail par le pôle ergonomie sur le terrain au fil de la réalisation des travaux [12].
5. Utilisation d'outils d'aide pour l'évaluation de la pénibilité des tâches [13].
6. Prise en compte des facteurs de risques liés aux contraintes physiques marquées (postures, manutention manuelle, etc.), à un environnement physique agressif (bruit, vibrations, poussières, température extrême, travail en milieu hyperbare, etc.), et aux rythmes de travail (travail par équipes successives, travail de nuit, etc.) [13].
7. Inspection du matériel visant à confirmer que l'équipement a un certificat de conformité et ne présente aucun défaut [14].
8. Préparation, vérification et émission par les personnes compétentes d'un plan de circulation évolutif, vérifiant les entrées / sorties des engins et des piétons, la circulation des engins sur les différentes voies du chantier, ainsi que les accès des piétons aux différentes zones d'activité et aux locaux de chantier [14].
9. Application des protocoles de balisages routiers définis par les pouvoirs publics pour les opérations en itinérance ou le long des voies publiques de circulation [15].
10. Rassembler, sur un document graphique, les informations relatives à l'aménagement du chantier et de donner une vision globale du déroulement des travaux [15].",15,0.03645730018615723,46.820250034332275,fixed-256-0,minilm-l6,dense-k5-neigh,local-mistral7b
Q049,"Une planification de gestion du levage écrite (Lifting Management Plan, LMP) est obligatoire avant les opérations de grue lorsque les levages sont classés comme ""critiques"" ou ""graves"" [1]. Pour les levages classés comme ""standard"", il suffit d'une planification écrite sur une feuille de hazard assessment (JHA et/ou FLHA) et d'une discussion avec les travailleurs impliqués dans le levage [3].

Pour les levages critiques, la planification écrite doit être complétée par un plan de levage (CLP) qui doit être examiné, accepté et signé par tous les travailleurs impliqués dans le levage à la réunion pré-levage [2]. Le CLP doit inclure des informations telles que le poids, le rayon, le type d'équipement, la courbe de charge, les composants de rigage, les capacités de charge, des espaces suffisants pour éviter les contacts avec les dangers spécifiques ou les obstructions pendant les activités de manutention de charge, un schéma de disposition de l'équipement et un schéma de rigage, un schéma de séquence de levage, un plan de disposition de l'équipement et un schéma de chemin de déplacement de la charge et des équipements lourds [2].

Pour les levages graves, il suffit d'une planification écrite sur une feuille de hazard assessment (JHA et/ou FLHA) et d'une discussion avec les travailleurs impliqués dans le levage [3].

Il est important de noter que les levages ""multiples"" (Christmas-tree lifting) ne doivent pas être effectués sur les sites de Bouygues Travaux Publics [4].

Sources :
[1] Contractor Safety Specifications V2.2.pdf, page 5
[2] Contractor Safety Specifications V2.2.pdf, page 6
[3] Contractor Safety Specifications V2.2.pdf, page 11
[4] Contractor Safety Specifications V2.2.pdf, page 16",13,0.03973889350891113,41.285918951034546,fixed-256-0,minilm-l6,dense-k5-neigh,local-mistral7b
Q050,"Pour obtenir un remboursement de frais de déplacement professionnel chez Bouygues Travaux Publics, il est nécessaire de respecter les modalités suivantes :

1. Les frais de déplacement professionnel doivent être justifiés par des documents valides (billets d'avion, tickets d'autocar, factures de taxi, etc.).
2. Les frais doivent être déclarés dans le délai imparti (usuellement 30 jours après le déplacement).
3. Les frais doivent être conformes aux limites fixées par Bouygues Travaux Publics (par exemple, les frais d'hébergement ne peuvent dépasser un certain montant par nuit).
4. Les frais doivent être justifiés par un document justificatif de la raison du déplacement (par exemple, un document de mission ou un ordre de mission).

Il est recommandé de consulter les règles détaillées sur le remboursement des frais de déplacement professionnel dans le référentiel de la construction de Bouygues Travaux Publics [1]. Si les informations nécessaires ne sont pas dans les référentiels consultés, il est possible de contacter le service des finances de Bouygues Travaux Publics pour obtenir plus d'informations.",15,0.18540620803833008,26.340327262878418,fixed-256-0,minilm-l6,dense-k5-neigh,local-mistral7b
